,,,0,1,2,3,4,5,6,7,8,9,10,11,12,13,14
MNIST,train,0,0.8986285924911499,0.975225031375885,0.985945999622345,0.9906589388847351,0.9942255616188049,0.996688187122345,,,,,,,,,
MNIST,validation,0,0.9632457494735718,0.9778053760528564,0.98046875,0.9833096861839294,0.9839311242103577,0.9841086864471436,,,,,,,,,
MNIST,test,0,0.9675564169883728,0.9814453125,0.9830729365348816,0.9857856035232544,0.9847005009651184,0.9852430820465088,,,,,,,,,
MNIST,MNIST,0,0.9675564169883728,0.9814453125,0.9830729365348816,0.9857856035232544,0.9847005009651184,0.9852430820465088,,,,,,,,,
MNIST,train,1,0.8906674385070801,0.9767535924911499,0.9857974052429199,0.99169921875,0.9944378137588501,,,,,,,,,,
MNIST,validation,1,0.9663529992103577,0.9777166247367859,0.9799360632896423,0.9833984375,0.9839311242103577,,,,,,,,,,
MNIST,test,1,0.9682074785232544,0.9791666865348816,0.982421875,0.9837239384651184,0.9852430820465088,,,,,,,,,,
MNIST,MNIST,1,0.9682074785232544,0.9791666865348816,0.982421875,0.9837239384651184,0.9852430820465088,,,,,,,,,,
MNIST,train,2,0.8764011263847351,0.973526656627655,0.9868588447570801,0.99195396900177,,,,,,,,,,,
MNIST,validation,2,0.9566761255264282,0.9788707494735718,0.9809126257896423,0.9844637513160706,,,,,,,,,,,
MNIST,test,2,0.9600694179534912,0.9803602695465088,0.9825303554534912,0.9847005009651184,,,,,,,,,,,
MNIST,MNIST,2,0.9600694179534912,0.9803602695465088,0.9825303554534912,0.9847005009651184,,,,,,,,,,,
MNIST,train,3,0.8991168737411499,0.978643000125885,0.988387405872345,0.992781937122345,0.9953082799911499,,,,,,,,,,
MNIST,validation,3,0.9711470007896423,0.9786931872367859,0.9822443127632141,0.9844637513160706,0.9857954382896423,,,,,,,,,,
MNIST,test,3,0.9729817509651184,0.9798176884651184,0.9837239384651184,0.9853515625,0.9862196445465088,,,,,,,,,,
MNIST,MNIST,3,0.9729817509651184,0.9798176884651184,0.9837239384651184,0.9853515625,0.9862196445465088,,,,,,,,,,
MNIST,train,4,0.8926418423652649,0.9779849052429199,0.9872409701347351,0.9916567802429199,,,,,,,,,,,
MNIST,validation,4,0.9675958752632141,0.9773615002632141,0.9809126257896423,0.9833096861839294,,,,,,,,,,,
MNIST,test,4,0.9700520634651184,0.9792751669883728,0.9829643964767456,0.9842665195465088,,,,,,,,,,,
MNIST,MNIST,4,0.9700520634651184,0.9792751669883728,0.9829643964767456,0.9842665195465088,,,,,,,,,,,
FMNIST,train,0,0.799422562122345,0.8894573450088501,0.9081606864929199,0.9216626882553101,0.9342518448829651,0.94359290599823,0.95386803150177,0.95921790599823,0.9665209054946899,0.9748004674911499,,,,,
FMNIST,validation,0,0.8702947497367859,0.8864524364471436,0.9028764367103577,0.9035866260528564,0.9074041247367859,0.9087358117103577,0.9096235632896423,0.9118430614471436,0.9166370630264282,0.9177911877632141,,,,,
FMNIST,test,0,0.8665364384651184,0.8825954794883728,0.8908420205116272,0.8976779580116272,0.9035373330116272,0.9045138955116272,0.9058159589767456,0.90234375,0.9096137285232544,0.9134114384651184,,,,,
FMNIST,FMNIST,0,0.8665364384651184,0.8825954794883728,0.8908420205116272,0.8976779580116272,0.9035373330116272,0.9045138955116272,0.9058159589767456,0.90234375,0.9096137285232544,0.9134114384651184,,,,,
FMNIST,train,1,0.772100031375885,0.882918655872345,0.902725875377655,0.91382896900177,0.9286472201347351,0.9394106864929199,,,,,,,,,
FMNIST,validation,1,0.8612393736839294,0.8876953125,0.8880504369735718,0.8989701867103577,0.9013671875,0.9110440611839294,,,,,,,,,
FMNIST,test,1,0.8592665195465088,0.8784722089767456,0.8755425214767456,0.8934462070465088,0.8948567509651184,0.9040798544883728,,,,,,,,,
FMNIST,FMNIST,1,0.8592665195465088,0.8784722089767456,0.8755425214767456,0.8934462070465088,0.8948567509651184,0.9040798544883728,,,,,,,,,
FMNIST,train,2,0.770613968372345,0.880519688129425,0.90232253074646,0.915909469127655,0.929814875125885,,,,,,,,,,
FMNIST,validation,2,0.8603515625,0.8841441869735718,0.8878728747367859,0.9003018736839294,0.9049183130264282,,,,,,,,,,
FMNIST,test,2,0.8524305820465088,0.8781467080116272,0.8848741054534912,0.8933376669883728,0.9007161259651184,,,,,,,,,,
FMNIST,FMNIST,2,0.8524305820465088,0.8781467080116272,0.8848741054534912,0.8933376669883728,0.9007161259651184,,,,,,,,,,
FMNIST,train,3,0.7926715612411499,0.889011561870575,0.9084154367446899,0.9252080321311951,,,,,,,,,,,
FMNIST,validation,3,0.8705610632896423,0.8917791247367859,0.8954190611839294,0.9068714380264282,,,,,,,,,,,
FMNIST,test,3,0.8597005009651184,0.8857421875,0.8904079794883728,0.8988715410232544,,,,,,,,,,,
FMNIST,FMNIST,3,0.8597005009651184,0.8857421875,0.8904079794883728,0.8988715410232544,,,,,,,,,,,
FMNIST,train,4,0.7917798757553101,0.88620924949646,0.90920090675354,0.92505943775177,0.93654465675354,0.9472231864929199,,,,,,,,,
FMNIST,validation,4,0.8673650622367859,0.8860973119735718,0.9035866260528564,0.9066938757896423,0.9105113744735718,0.9114879369735718,,,,,,,,,
FMNIST,test,4,0.8637152910232544,0.8795573115348816,0.8932291865348816,0.9009331464767456,0.9014756679534912,0.9077690839767456,,,,,,,,,
FMNIST,FMNIST,4,0.8637152910232544,0.8795573115348816,0.8932291865348816,0.9009331464767456,0.9014756679534912,0.9077690839767456,,,,,,,,,
KMNIST,train,0,0.8330715298652649,0.9604067802429199,0.981084406375885,0.9917629361152649,0.996454656124115,,,,,,,,,,
KMNIST,validation,0,0.9401633739471436,0.9618253111839294,0.9706143736839294,0.9725674986839294,0.9738103747367859,,,,,,,,,,
KMNIST,test,0,0.8611111044883728,0.9029948115348816,0.9139540195465088,0.921875,0.9251301884651184,,,,,,,,,,
KMNIST,KMNIST,0,0.8611111044883728,0.9029948115348816,0.9139540195465088,0.921875,0.9251301884651184,,,,,,,,,,
KMNIST,train,1,0.8278065323829651,0.960067093372345,0.98316490650177,0.9926120638847351,0.9971552491188049,,,,,,,,,,
KMNIST,validation,1,0.9367897510528564,0.9622691869735718,0.9696378111839294,0.9713245630264282,0.9742542505264282,,,,,,,,,,
KMNIST,test,1,0.8585069179534912,0.9020182490348816,0.9206814169883728,0.9262152910232544,0.9339192509651184,,,,,,,,,,
KMNIST,KMNIST,1,0.8585069179534912,0.9020182490348816,0.9206814169883728,0.9262152910232544,0.9339192509651184,,,,,,,,,,
KMNIST,train,2,0.8246645927429199,0.9563306570053101,0.9794284701347351,0.9910198450088501,0.9960300326347351,0.998874843120575,,,,,,,,,
KMNIST,validation,2,0.931640625,0.9610262513160706,0.9695490002632141,0.9708806872367859,0.9724786877632141,0.9733664989471436,,,,,,,,,
KMNIST,test,2,0.8427734375,0.900390625,0.9180772304534912,0.9275173544883728,0.9264323115348816,0.9302300214767456,,,,,,,,,
KMNIST,KMNIST,2,0.8427734375,0.900390625,0.9180772304534912,0.9275173544883728,0.9264323115348816,0.9302300214767456,,,,,,,,,
KMNIST,train,3,0.852666437625885,0.96070396900177,0.9804263114929199,0.9895337820053101,,,,,,,,,,,
KMNIST,validation,3,0.9386541247367859,0.9569424986839294,0.9667081236839294,0.9690163135528564,,,,,,,,,,,
KMNIST,test,3,0.8592665195465088,0.8996310830116272,0.9140625,0.9208984375,,,,,,,,,,,
KMNIST,KMNIST,3,0.8592665195465088,0.8996310830116272,0.9140625,0.9208984375,,,,,,,,,,,
KMNIST,train,4,0.8388034701347351,0.9600458741188049,0.9809994697570801,0.990828812122345,0.996454656124115,,,,,,,,,,
KMNIST,validation,4,0.9352805614471436,0.9620028138160706,0.9686612486839294,0.9706143736839294,0.9742542505264282,,,,,,,,,,
KMNIST,test,4,0.8541666865348816,0.8963758945465088,0.9159071445465088,0.9167751669883728,0.9239366054534912,,,,,,,,,,
KMNIST,KMNIST,4,0.8541666865348816,0.8963758945465088,0.9159071445465088,0.9167751669883728,0.9239366054534912,,,,,,,,,,
CIFAR,train,0,0.21922576427459717,0.4351462423801422,0.4984224736690521,0.5387620329856873,0.5754457116127014,0.6102514266967773,0.6432041525840759,0.6653895974159241,0.6929086446762085,0.7296174168586731,0.7574619650840759,0.7925180196762085,0.8195362687110901,,
CIFAR,validation,0,0.3767361044883728,0.4475911557674408,0.4888237714767456,0.5112847089767456,0.525390625,0.5486111044883728,0.5708550214767456,0.5729166865348816,0.5784505009651184,0.5848524570465088,0.5866970419883728,0.5871310830116272,0.5929904580116272,,
CIFAR,test,0,0.3827039897441864,0.4581163227558136,0.4877387285232544,0.5070529580116272,0.5265842080116272,0.5455729365348816,0.5627170205116272,0.5711805820465088,0.5700954794883728,0.5782334804534912,0.5844184160232544,0.5843098759651184,0.5840928554534912,,
CIFAR,CIFAR,0,0.3827039897441864,0.4581163227558136,0.4877387285232544,0.5070529580116272,0.5265842080116272,0.5455729365348816,0.5627170205116272,0.5711805820465088,0.5700954794883728,0.5782334804534912,0.5844184160232544,0.5843098759651184,0.5840928554534912,,
CIFAR,train,1,0.1737029254436493,0.38784554600715637,0.4488932192325592,0.5002503991127014,0.5374348759651184,0.5737680196762085,0.6079977750778198,0.6340394616127014,0.6699719429016113,0.7015975713729858,0.7356019616127014,0.7680288553237915,,,
CIFAR,validation,1,0.3166232705116272,0.3976779580116272,0.4480251669883728,0.4809027910232544,0.4966362714767456,0.5274522304534912,0.5289713740348816,0.5337456464767456,0.5583767294883728,0.5593532919883728,0.5685763955116272,0.5716145634651184,,,
CIFAR,test,1,0.3236762285232544,0.4048393964767456,0.4506293535232544,0.4695095419883728,0.4957682192325592,0.5237630009651184,0.5339626669883728,0.5376518964767456,0.5603298544883728,0.5536024570465088,0.5608723759651184,0.5666232705116272,,,
CIFAR,CIFAR,1,0.3236762285232544,0.4048393964767456,0.4506293535232544,0.4695095419883728,0.4957682192325592,0.5237630009651184,0.5339626669883728,0.5376518964767456,0.5603298544883728,0.5536024570465088,0.5608723759651184,0.5666232705116272,,,
CIFAR,train,2,0.15241886675357819,0.3472055196762085,0.4455628991127014,0.4923878312110901,0.5190805196762085,0.5428435206413269,0.5593199133872986,0.5760466456413269,0.6009615659713745,0.619065523147583,0.6352413892745972,0.6472105383872986,0.6681440472602844,0.6847706437110901,0.6977664232254028
CIFAR,validation,2,0.2505425214767456,0.4039713442325592,0.4435763955116272,0.4793836772441864,0.4908854067325592,0.5120442509651184,0.5207248330116272,0.5333116054534912,0.5508897304534912,0.5518662929534912,0.5667317509651184,0.5674912929534912,0.5689018964767456,0.5734592080116272,0.5822482705116272
CIFAR,test,2,0.2537977397441864,0.4027777910232544,0.4567057192325592,0.4891493022441864,0.4946831464767456,0.5164930820465088,0.5259331464767456,0.5373263955116272,0.5474175214767456,0.5499131679534912,0.5589192509651184,0.5596787929534912,0.5657551884651184,0.5707465410232544,0.5799696445465088
CIFAR,CIFAR,2,0.2537977397441864,0.4027777910232544,0.4567057192325592,0.4891493022441864,0.4946831464767456,0.5164930820465088,0.5259331464767456,0.5373263955116272,0.5474175214767456,0.5499131679534912,0.5589192509651184,0.5596787929534912,0.5657551884651184,0.5707465410232544,0.5799696445465088
CIFAR,train,3,0.28713440895080566,0.44911858439445496,0.509765625,0.5485526919364929,0.5830578804016113,0.6126301884651184,0.6452574133872986,0.6685196161270142,0.7070562839508057,,,,,,
CIFAR,validation,3,0.3938802182674408,0.4625650942325592,0.4794921875,0.5181206464767456,0.5209418535232544,0.5375434160232544,0.5469834804534912,0.5584852695465088,0.5641276240348816,,,,,,
CIFAR,test,3,0.3904079794883728,0.4657118022441864,0.4914279580116272,0.5199652910232544,0.5257161259651184,0.5396050214767456,0.5458984375,0.5465494990348816,0.5596787929534912,,,,,,
CIFAR,CIFAR,3,0.3904079794883728,0.4657118022441864,0.4914279580116272,0.5199652910232544,0.5257161259651184,0.5396050214767456,0.5458984375,0.5465494990348816,0.5596787929534912,,,,,,
CIFAR,train,4,0.25941506028175354,0.43584734201431274,0.509840726852417,0.5591696500778198,0.5925731062889099,0.6257762312889099,,,,,,,,,
CIFAR,validation,4,0.369140625,0.4616970419883728,0.5021701455116272,0.5290798544883728,0.5513237714767456,0.5731337070465088,,,,,,,,,
CIFAR,test,4,0.3650173544883728,0.4666883647441864,0.5081380009651184,0.5288628339767456,0.5525173544883728,0.5696614384651184,,,,,,,,,
CIFAR,CIFAR,4,0.3650173544883728,0.4666883647441864,0.5081380009651184,0.5288628339767456,0.5525173544883728,0.5696614384651184,,,,,,,,,
MNIST_FMNIST,train,0,0.8584194183349609,0.9330792427062988,0.9484311938285828,0.9590053558349609,0.9664188623428345,0.9729923009872437,,,,,,,,,
MNIST_FMNIST,validation,0,0.9230638742446899,0.934230625629425,0.93822181224823,0.942255437374115,0.946416437625885,0.947860062122345,,,,,,,,,
MNIST_FMNIST,test,0,0.9189995527267456,0.9326714277267456,0.9372286796569824,0.9401584267616272,0.9462348222732544,0.9454752802848816,,,,,,,,,
MNIST_FMNIST,MNIST,0,0.9709201455116272,0.9817708134651184,0.9827473759651184,0.9840494990348816,0.9848090410232544,0.9840494990348816,,,,,,,,,
MNIST_FMNIST,FMNIST,0,0.8670790195465088,0.8835720419883728,0.8917100429534912,0.8962673544883728,0.9076606035232544,0.9069010615348816,,,,,,,,,
MNIST_FMNIST,train,1,0.833396315574646,0.9321761727333069,0.947948157787323,0.9567267298698425,,,,,,,,,,,
MNIST_FMNIST,validation,1,0.919794499874115,0.9305791258811951,0.9407268762588501,0.945694625377655,,,,,,,,,,,
MNIST_FMNIST,test,1,0.9152560830116272,0.9290907382965088,0.9385308027267456,0.9416232705116272,,,,,,,,,,,
MNIST_FMNIST,MNIST,1,0.9677734375,0.9772135615348816,0.9814453125,0.9830729365348816,,,,,,,,,,,
MNIST_FMNIST,FMNIST,1,0.8627387285232544,0.8809678554534912,0.8956162929534912,0.9001736044883728,,,,,,,,,,,
MNIST_FMNIST,train,2,0.8377856016159058,0.9308425784111023,0.9463835954666138,0.9582703113555908,0.9660513401031494,0.97265625,,,,,,,,,
MNIST_FMNIST,validation,2,0.9158033132553101,0.9308763742446899,0.93796706199646,0.943699061870575,0.94582200050354,0.94896399974823,,,,,,,,,
MNIST_FMNIST,test,2,0.9144965410232544,0.9270290732383728,0.9353841543197632,0.9417860507965088,0.94384765625,0.94677734375,,,,,,,,,
MNIST_FMNIST,MNIST,2,0.9643012285232544,0.9792751669883728,0.9818793535232544,0.9830729365348816,0.9848090410232544,0.9845920205116272,,,,,,,,,
MNIST_FMNIST,FMNIST,2,0.8646918535232544,0.8747829794883728,0.8888888955116272,0.9004991054534912,0.9028862714767456,0.9089626669883728,,,,,,,,,
MNIST_FMNIST,train,3,0.8676705360412598,0.9357358813285828,0.9499642848968506,0.9588793516159058,0.9664713740348816,0.9726037383079529,,,,,,,,,
MNIST_FMNIST,validation,3,0.922257125377655,0.9359714388847351,0.9421705007553101,0.942510187625885,0.945949375629425,0.94679856300354,,,,,,,,,
MNIST_FMNIST,test,3,0.9207899570465088,0.9331597089767456,0.9387478232383728,0.9403754472732544,0.9442274570465088,0.9446614980697632,,,,,,,,,
MNIST_FMNIST,MNIST,3,0.9774305820465088,0.9818793535232544,0.9825303554534912,0.9831814169883728,0.9842665195465088,0.9826388955116272,,,,,,,,,
MNIST_FMNIST,FMNIST,3,0.8641493320465088,0.8844401240348816,0.8949652910232544,0.8975694179534912,0.9041883945465088,0.9066840410232544,,,,,,,,,
MNIST_FMNIST,train,4,0.8551326990127563,0.9336147308349609,0.9492397308349609,0.9603599905967712,,,,,,,,,,,
MNIST_FMNIST,validation,4,0.9235309362411499,0.9358440637588501,0.9411939382553101,0.9443783760070801,,,,,,,,,,,
MNIST_FMNIST,test,4,0.9206271767616272,0.9341905117034912,0.9391818642616272,0.9432508945465088,,,,,,,,,,,
MNIST_FMNIST,MNIST,4,0.9742838740348816,0.9803602695465088,0.9813368320465088,0.984375,,,,,,,,,,,
MNIST_FMNIST,FMNIST,4,0.8669704794883728,0.8880208134651184,0.8970268964767456,0.9021267294883728,,,,,,,,,,,
MNIST_KMNIST,train,0,0.8758295774459839,0.9728347659111023,0.9870526790618896,0.9933740496635437,,,,,,,,,,,
MNIST_KMNIST,validation,0,0.957880437374115,0.97019362449646,0.9753736257553101,0.977878749370575,,,,,,,,,,,
MNIST_KMNIST,test,0,0.92333984375,0.9404839277267456,0.9473741054534912,0.9550238847732544,,,,,,,,,,,
MNIST_KMNIST,MNIST,0,0.9723307490348816,0.9802517294883728,0.9850260615348816,0.9856770634651184,,,,,,,,,,,
MNIST_KMNIST,KMNIST,0,0.8743489384651184,0.9007161259651184,0.9097222089767456,0.9243706464767456,,,,,,,,,,,
MNIST_KMNIST,train,1,0.8706212043762207,0.9740843176841736,0.9875041842460632,0.9945921301841736,,,,,,,,,,,
MNIST_KMNIST,validation,1,0.959111750125885,0.9736752510070801,0.9747791886329651,0.9773267507553101,,,,,,,,,,,
MNIST_KMNIST,test,1,0.9193251132965088,0.9437391757965088,0.9496527910232544,0.9509005546569824,,,,,,,,,,,
MNIST_KMNIST,MNIST,1,0.9724392294883728,0.9809027910232544,0.9813368320465088,0.9837239384651184,,,,,,,,,,,
MNIST_KMNIST,KMNIST,1,0.8662109375,0.9065755009651184,0.91796875,0.9180772304534912,,,,,,,,,,,
MNIST_KMNIST,train,2,0.8656858801841736,0.9717742204666138,0.9856560826301575,,,,,,,,,,,,
MNIST_KMNIST,validation,2,0.9536769986152649,0.97214674949646,0.9767748117446899,,,,,,,,,,,,
MNIST_KMNIST,test,2,0.9140625,0.9430881142616272,0.9504122734069824,,,,,,,,,,,,
MNIST_KMNIST,MNIST,2,0.9704861044883728,0.9802517294883728,0.9835069179534912,,,,,,,,,,,,
MNIST_KMNIST,KMNIST,2,0.8576388955116272,0.9059244990348816,0.9173176884651184,,,,,,,,,,,,
MNIST_KMNIST,train,3,0.8854271769523621,0.9737693071365356,0.9882917404174805,,,,,,,,,,,,
MNIST_KMNIST,validation,3,0.962041437625885,0.974269688129425,0.9775815010070801,,,,,,,,,,,,
MNIST_KMNIST,test,3,0.9247504472732544,0.9453667402267456,0.9536675214767456,,,,,,,,,,,,
MNIST_KMNIST,MNIST,3,0.9741753339767456,0.9823133945465088,0.9837239384651184,,,,,,,,,,,,
MNIST_KMNIST,KMNIST,3,0.8753255009651184,0.9084201455116272,0.9236111044883728,,,,,,,,,,,,
MNIST_KMNIST,train,4,0.8730993866920471,0.9732967615127563,0.9878191947937012,0.9938045740127563,0.997290849685669,0.998340904712677,0.9985508918762207,,,,,,,,
MNIST_KMNIST,validation,4,0.9619565010070801,0.9721042513847351,0.977199375629425,0.9793223738670349,0.9794072508811951,0.9797893762588501,0.9813603758811951,,,,,,,,
MNIST_KMNIST,test,4,0.9221463203430176,0.9380425214767456,0.9485134482383728,0.9529622197151184,0.9532334804534912,0.9523654580116272,0.9520941972732544,,,,,,,,
MNIST_KMNIST,MNIST,4,0.9752604365348816,0.9797092080116272,0.984375,0.9837239384651184,0.984375,0.9830729365348816,0.9844834804534912,,,,,,,,
MNIST_KMNIST,KMNIST,4,0.8690321445465088,0.8963758945465088,0.9126518964767456,0.9222005009651184,0.9220920205116272,0.9216579794883728,0.9197048544883728,,,,,,,,
MNIST_CIFAR,train,0,0.6336511969566345,0.7459099292755127,0.7819967865943909,0.8051241040229797,0.8265395164489746,,,,,,,,,,
MNIST_CIFAR,validation,0,0.7180989384651184,0.7593470811843872,0.7721819281578064,0.7801804542541504,0.7966424822807312,,,,,,,,,,
MNIST_CIFAR,test,0,0.6962890625,0.7370876669883728,0.7568359375,0.7607964277267456,0.7787001132965088,,,,,,,,,,
MNIST_CIFAR,MNIST,0,0.9736328125,0.9807942509651184,0.9832899570465088,0.9828559160232544,0.9839409589767456,,,,,,,,,,
MNIST_CIFAR,CIFAR,0,0.4189453125,0.4933810830116272,0.5303819179534912,0.5387369990348816,0.5734592080116272,,,,,,,,,,
MNIST_CIFAR,train,1,0.6161190271377563,0.739958643913269,0.7741268277168274,0.7998621463775635,0.8194049000740051,0.8384305834770203,0.8576056957244873,,,,,,,,
MNIST_CIFAR,validation,1,0.7096354365348816,0.7510230541229248,0.766973614692688,0.7743675708770752,0.784784197807312,0.7890160083770752,0.7998511791229248,,,,,,,,
MNIST_CIFAR,test,1,0.6866319179534912,0.7293837070465088,0.7457682490348816,0.7507053017616272,0.7660590410232544,0.7719184160232544,0.7810329794883728,,,,,,,,
MNIST_CIFAR,MNIST,1,0.9714626669883728,0.9779731035232544,0.9832899570465088,0.9820963740348816,0.9812282919883728,0.9810112714767456,0.9844834804534912,,,,,,,,
MNIST_CIFAR,CIFAR,1,0.4018012285232544,0.4807942807674408,0.5082465410232544,0.5193142294883728,0.5508897304534912,0.5628255009651184,0.5775824785232544,,,,,,,,
MNIST_CIFAR,train,2,0.614177405834198,0.7315487265586853,0.773081362247467,0.7994599938392639,0.8195772171020508,0.8403722643852234,,,,,,,,,
MNIST_CIFAR,validation,2,0.7016834020614624,0.75390625,0.7705543041229248,0.7836216688156128,0.7907831072807312,0.7971540093421936,,,,,,,,,
MNIST_CIFAR,test,2,0.6784396767616272,0.7313910722732544,0.7501627206802368,0.7637261152267456,0.7726779580116272,0.7782660722732544,,,,,,,,,
MNIST_CIFAR,MNIST,2,0.96875,0.9819878339767456,0.98046875,0.9862196445465088,0.9850260615348816,0.9837239384651184,,,,,,,,,
MNIST_CIFAR,CIFAR,2,0.3881293535232544,0.4807942807674408,0.5198567509651184,0.5412326455116272,0.5603298544883728,0.5728081464767456,,,,,,,,,
MNIST_CIFAR,train,3,0.6525046229362488,0.7483456134796143,0.7823759317398071,0.8105124235153198,0.8341222405433655,0.8562384843826294,0.8790326118469238,0.9011833667755127,0.9237706661224365,,,,,,
MNIST_CIFAR,validation,3,0.7211216688156128,0.757207989692688,0.768368661403656,0.7872489094734192,0.7917131781578064,0.7924107313156128,0.7944568395614624,0.7956659197807312,0.7997117042541504,,,,,,
MNIST_CIFAR,test,3,0.6959092617034912,0.7342122197151184,0.7486436367034912,0.7686631679534912,0.7754991054534912,0.7733290195465088,0.7755534052848816,0.77880859375,0.7814127802848816,,,,,,
MNIST_CIFAR,MNIST,3,0.9756944179534912,0.9778645634651184,0.9796006679534912,0.9839409589767456,0.9842665195465088,0.9800347089767456,0.9830729365348816,0.984375,0.9823133945465088,,,,,,
MNIST_CIFAR,CIFAR,3,0.4161241352558136,0.4905599057674408,0.5176866054534912,0.5533854365348816,0.5667317509651184,0.5666232705116272,0.5680338740348816,0.5732421875,0.5805121660232544,,,,,,
MNIST_CIFAR,train,4,0.6438419222831726,0.7528952360153198,0.7909466624259949,0.8149011731147766,0.8380514979362488,0.8580192923545837,0.8792394399642944,0.9008961319923401,,,,,,,
MNIST_CIFAR,validation,4,0.7199590802192688,0.767764151096344,0.7804129719734192,0.7941778302192688,0.7982701063156128,0.8005487322807312,0.8060826063156128,0.811337411403656,,,,,,,
MNIST_CIFAR,test,4,0.6978081464767456,0.7439236044883728,0.7579752206802368,0.7746310830116272,0.7821180820465088,0.7864583730697632,0.7915581464767456,0.7942165732383728,,,,,,,
MNIST_CIFAR,MNIST,4,0.9738498330116272,0.9816623330116272,0.9815537929534912,0.9841579794883728,0.9857856035232544,0.9811198115348816,0.9811198115348816,0.9828559160232544,,,,,,,
MNIST_CIFAR,CIFAR,4,0.4217664897441864,0.5061848759651184,0.5343967080116272,0.5651041865348816,0.5784505009651184,0.591796875,0.6019965410232544,0.6055772304534912,,,,,,,
FMNIST_KMNIST,train,0,0.8292590975761414,0.9252037405967712,0.945018470287323,0.9591313600540161,0.9667023420333862,0.9727507829666138,0.9788621664047241,,,,,,,,
FMNIST_KMNIST,validation,0,0.9104534387588501,0.9248046875,0.936183750629425,0.9374575614929199,0.940769374370575,0.941066563129425,0.943996250629425,,,,,,,,
FMNIST_KMNIST,test,0,0.8617621660232544,0.8886176347732544,0.90087890625,0.9060329794883728,0.90966796875,0.9099392294883728,0.9127603769302368,,,,,,,,
FMNIST_KMNIST,FMNIST,0,0.8666449785232544,0.8800998330116272,0.89453125,0.8975694179534912,0.9016926884651184,0.9103732705116272,0.9102647304534912,,,,,,,,
FMNIST_KMNIST,KMNIST,0,0.8568793535232544,0.8971354365348816,0.9072265625,0.9144965410232544,0.9176432490348816,0.9095051884651184,0.9152560830116272,,,,,,,,
FMNIST_KMNIST,train,1,0.7989121079444885,0.9221585392951965,0.9445354342460632,0.9581758379936218,0.9649382829666138,,,,,,,,,,
FMNIST_KMNIST,validation,1,0.9040845632553101,0.9218325614929199,0.9363111257553101,0.93970787525177,0.9412364363670349,,,,,,,,,,
FMNIST_KMNIST,test,1,0.8592665195465088,0.8845486044883728,0.9060330390930176,0.9066298007965088,0.9142252206802368,,,,,,,,,,
FMNIST_KMNIST,FMNIST,1,0.8655598759651184,0.8770616054534912,0.8983290195465088,0.9008246660232544,0.9075520634651184,,,,,,,,,,
FMNIST_KMNIST,KMNIST,1,0.8529731035232544,0.8920356035232544,0.9137369990348816,0.9124348759651184,0.9208984375,,,,,,,,,,
FMNIST_KMNIST,train,2,0.7935672998428345,0.915721595287323,0.9387285709381104,0.9531984925270081,0.9631636142730713,,,,,,,,,,
FMNIST_KMNIST,validation,2,0.89329993724823,0.9218325614929199,0.93210768699646,0.93529212474823,0.941066563129425,,,,,,,,,,
FMNIST_KMNIST,test,2,0.8435330390930176,0.8855794668197632,0.8996310234069824,0.9034287929534912,0.9100477695465088,,,,,,,,,,
FMNIST_KMNIST,FMNIST,2,0.8504774570465088,0.8783637285232544,0.8917100429534912,0.8944227695465088,0.9050564169883728,,,,,,,,,,
FMNIST_KMNIST,KMNIST,2,0.8365885615348816,0.8927951455116272,0.9075520634651184,0.9124348759651184,0.9150390625,,,,,,,,,,
FMNIST_KMNIST,train,3,0.8316637277603149,0.9273563623428345,0.9472971558570862,0.9593623876571655,,,,,,,,,,,
FMNIST_KMNIST,validation,3,0.9055706262588501,0.9276494383811951,0.93529212474823,0.9384765625,,,,,,,,,,,
FMNIST_KMNIST,test,3,0.8575303554534912,0.8917100429534912,0.9022352695465088,0.9082573652267456,,,,,,,,,,,
FMNIST_KMNIST,FMNIST,3,0.8563368320465088,0.8810763955116272,0.8901909589767456,0.9025607705116272,,,,,,,,,,,
FMNIST_KMNIST,KMNIST,3,0.8587239384651184,0.90234375,0.9142795205116272,0.9139540195465088,,,,,,,,,,,
FMNIST_KMNIST,train,4,0.8271694183349609,0.9283013939857483,0.9470345973968506,0.9626911282539368,0.9689180254936218,,,,,,,,,,
FMNIST_KMNIST,validation,4,0.9056980013847351,0.93117356300354,0.93724524974823,0.9401324987411499,0.9423403739929199,,,,,,,,,,
FMNIST_KMNIST,test,4,0.85791015625,0.8929579257965088,0.9060872793197632,0.9114583730697632,0.9127603769302368,,,,,,,,,,
FMNIST_KMNIST,FMNIST,4,0.8548176884651184,0.8870442509651184,0.8974609375,0.9047309160232544,0.9053819179534912,,,,,,,,,,
FMNIST_KMNIST,KMNIST,4,0.8610026240348816,0.8988715410232544,0.9147135615348816,0.9181857705116272,0.9201388955116272,,,,,,,,,,
FMNIST_CIFAR,train,0,0.586293637752533,0.6985753774642944,0.7359489798545837,0.7673138976097107,0.7941865921020508,0.8221047520637512,0.8458409905433655,,,,,,,,
FMNIST_CIFAR,validation,0,0.6671317219734192,0.7077752947807312,0.724237322807312,0.7375836968421936,0.7544177770614624,0.7580915093421936,0.7678106427192688,,,,,,,,
FMNIST_CIFAR,test,0,0.6383463144302368,0.67919921875,0.7011176347732544,0.7157118320465088,0.7365994453430176,0.7390407919883728,0.74853515625,,,,,,,,
FMNIST_CIFAR,FMNIST,0,0.8682725429534912,0.8862847089767456,0.8917100429534912,0.8974609375,0.9059244990348816,0.8947482705116272,0.9059244990348816,,,,,,,,
FMNIST_CIFAR,CIFAR,0,0.4084201455116272,0.4721137285232544,0.5105251669883728,0.5339626669883728,0.5672743320465088,0.5833333134651184,0.5911458134651184,,,,,,,,
FMNIST_CIFAR,train,1,0.5502527356147766,0.6819623112678528,0.7242876887321472,0.7511259317398071,0.7762637734413147,0.7949563264846802,0.820427417755127,,,,,,,,
FMNIST_CIFAR,validation,1,0.6541573405265808,0.7012648582458496,0.7112165093421936,0.725957989692688,0.7416759729385376,0.7465122938156128,0.7516276240348816,,,,,,,,
FMNIST_CIFAR,test,1,0.6280924677848816,0.6781684160232544,0.6849501132965088,0.7010090947151184,0.7181532382965088,0.7222764492034912,0.7261826992034912,,,,,,,,
FMNIST_CIFAR,FMNIST,1,0.8664279580116272,0.8858506679534912,0.8846571445465088,0.8965928554534912,0.8984375,0.8996310830116272,0.8994140625,,,,,,,,
FMNIST_CIFAR,CIFAR,1,0.3897569477558136,0.4704861044883728,0.4852430522441864,0.5054253339767456,0.5378689169883728,0.544921875,0.5529513955116272,,,,,,,,
FMNIST_CIFAR,train,2,0.5472656488418579,0.6724035143852234,0.7154296636581421,0.7446920871734619,0.7685776948928833,,,,,,,,,,
FMNIST_CIFAR,validation,2,0.6446242332458496,0.6809430718421936,0.7145647406578064,0.7260509729385376,0.742792010307312,,,,,,,,,,
FMNIST_CIFAR,test,2,0.6137152910232544,0.6590169668197632,0.6900498867034912,0.69921875,0.7210829257965088,,,,,,,,,,
FMNIST_CIFAR,FMNIST,2,0.8581814169883728,0.8725043535232544,0.8893229365348816,0.8916015625,0.9012587070465088,,,,,,,,,,
FMNIST_CIFAR,CIFAR,2,0.3692491352558136,0.4455295205116272,0.4907768964767456,0.5068359375,0.5409071445465088,,,,,,,,,,
FMNIST_CIFAR,train,3,0.6017348170280457,0.6998965740203857,0.7404066920280457,0.7677619457244873,0.7960478067398071,0.8223575353622437,0.848713219165802,0.8727826476097107,0.9009191393852234,,,,,,
FMNIST_CIFAR,validation,3,0.6657366156578064,0.7093098759651184,0.7109839916229248,0.7346540093421936,0.7474888563156128,0.752743661403656,0.7579520344734192,0.7595331072807312,0.7611607313156128,,,,,,
FMNIST_CIFAR,test,3,0.6363389492034912,0.6835395097732544,0.6897243857383728,0.7139756679534912,0.7261284589767456,0.7312282919883728,0.7365450859069824,0.7383354902267456,0.7409396767616272,,,,,,
FMNIST_CIFAR,FMNIST,3,0.8619791865348816,0.8869357705116272,0.8860676884651184,0.8900824785232544,0.9029948115348816,0.9004991054534912,0.9007161259651184,0.9051649570465088,0.9040798544883728,,,,,,
FMNIST_CIFAR,CIFAR,3,0.4106987714767456,0.4801432192325592,0.4933810830116272,0.5378689169883728,0.5492621660232544,0.5619574785232544,0.5723741054534912,0.5715060830116272,0.5777994990348816,,,,,,
FMNIST_CIFAR,train,4,0.5903263092041016,0.7054228186607361,0.7457146048545837,0.779411792755127,0.8052504658699036,,,,,,,,,,
FMNIST_CIFAR,validation,4,0.674432635307312,0.7124255895614624,0.7417689561843872,0.751348614692688,0.7627882957458496,,,,,,,,,,
FMNIST_CIFAR,test,4,0.6443142294883728,0.6841362714767456,0.7177734375,0.7320420742034912,0.7460395097732544,,,,,,,,,,
FMNIST_CIFAR,FMNIST,4,0.8687065839767456,0.8823784589767456,0.8980034589767456,0.9070095419883728,0.9063584804534912,,,,,,,,,,
FMNIST_CIFAR,CIFAR,4,0.419921875,0.4858940839767456,0.5375434160232544,0.5570746660232544,0.5857204794883728,,,,,,,,,,
KMNIST_CIFAR,train,0,0.6042739152908325,0.7329963445663452,0.7761259078979492,0.8049057722091675,0.8265625238418579,,,,,,,,,,
KMNIST_CIFAR,validation,0,0.6978236436843872,0.7458147406578064,0.7576729655265808,0.7736700177192688,0.7861793041229248,,,,,,,,,,
KMNIST_CIFAR,test,0,0.6346571445465088,0.6936849355697632,0.7171224355697632,0.72607421875,0.7400716543197632,,,,,,,,,,
KMNIST_CIFAR,KMNIST,0,0.8700087070465088,0.9047309160232544,0.9191623330116272,0.9187282919883728,0.9138454794883728,,,,,,,,,,
KMNIST_CIFAR,CIFAR,0,0.3993055522441864,0.4826388955116272,0.5150824785232544,0.5334201455116272,0.5662977695465088,,,,,,,,,,
KMNIST_CIFAR,train,1,0.588005542755127,0.7345588207244873,0.7805147171020508,0.8132237792015076,0.835857093334198,0.8556755781173706,0.8780905604362488,,,,,,,,
KMNIST_CIFAR,validation,1,0.6957775354385376,0.7450706958770752,0.7717168927192688,0.7791573405265808,0.7865513563156128,0.7962239384651184,0.7992466688156128,,,,,,,,
KMNIST_CIFAR,test,1,0.6404079794883728,0.6962348222732544,0.72314453125,0.7378472089767456,0.7415364980697632,0.7566731572151184,0.7587890625,,,,,,,,
KMNIST_CIFAR,KMNIST,1,0.8781467080116272,0.9036458134651184,0.9150390625,0.9194878339767456,0.9096137285232544,0.9231770634651184,0.9190537929534912,,,,,,,,
KMNIST_CIFAR,CIFAR,1,0.4026692807674408,0.4888237714767456,0.53125,0.5562065839767456,0.5734592080116272,0.5901692509651184,0.5985243320465088,,,,,,,,
KMNIST_CIFAR,train,2,0.568003237247467,0.7068818807601929,0.7524816393852234,0.7821346521377563,0.8071346282958984,0.8275850415229797,0.8444967865943909,0.8638327121734619,0.8852481842041016,0.9030215740203857,,,,,
KMNIST_CIFAR,validation,2,0.6740606427192688,0.720889151096344,0.7517206072807312,0.7628348469734192,0.7758556604385376,0.7770182490348816,0.786923348903656,0.7892020344734192,0.792178213596344,0.7944103479385376,,,,,
KMNIST_CIFAR,test,2,0.5998263955116272,0.665635883808136,0.7001410722732544,0.7134331464767456,0.7300889492034912,0.7376302480697632,0.7411566972732544,0.7472330927848816,0.7496201992034912,0.7515190839767456,,,,,
KMNIST_CIFAR,KMNIST,2,0.8381076455116272,0.8934462070465088,0.9124348759651184,0.9125434160232544,0.9142795205116272,0.9237196445465088,0.9133029580116272,0.9178602695465088,0.912109375,0.9152560830116272,,,,,
KMNIST_CIFAR,CIFAR,2,0.3615451455116272,0.4378255307674408,0.4878472089767456,0.5143229365348816,0.5458984375,0.5515407919883728,0.5690104365348816,0.5766059160232544,0.5871310830116272,0.5877821445465088,,,,,
KMNIST_CIFAR,train,3,0.6182100176811218,0.7324448823928833,0.772185206413269,0.8035271167755127,0.8287568688392639,0.8530101180076599,0.8769761323928833,0.895427405834198,,,,,,,
KMNIST_CIFAR,validation,3,0.6979166865348816,0.7366536259651184,0.7597191333770752,0.7705543041229248,0.7772042155265808,0.7819940447807312,0.7827845811843872,0.7871558666229248,,,,,,,
KMNIST_CIFAR,test,3,0.6356879472732544,0.6857638955116272,0.7172309160232544,0.7297092080116272,0.7336696982383728,0.7403428554534912,0.7349717617034912,0.74755859375,,,,,,,
KMNIST_CIFAR,KMNIST,3,0.8751084804534912,0.9058159589767456,0.9141709804534912,0.92578125,0.9180772304534912,0.9228515625,0.9054904580116272,0.9177517294883728,,,,,,,
KMNIST_CIFAR,CIFAR,3,0.3962673544883728,0.4657118022441864,0.5202907919883728,0.5336371660232544,0.5492621660232544,0.5578342080116272,0.564453125,0.5773654580116272,,,,,,,
KMNIST_CIFAR,train,4,0.6176126003265381,0.7463924884796143,0.7911534905433655,0.819060206413269,0.8440142273902893,0.8699448704719543,0.8930721282958984,,,,,,,,
KMNIST_CIFAR,validation,4,0.7125651240348816,0.759393572807312,0.7790643572807312,0.7844122052192688,0.7921317219734192,0.7946428656578064,0.7959914207458496,,,,,,,,
KMNIST_CIFAR,test,4,0.6504448652267456,0.7072482705116272,0.7320420742034912,0.7451714277267456,0.7502712607383728,0.7553168535232544,0.7586263418197632,,,,,,,,
KMNIST_CIFAR,KMNIST,4,0.8771701455116272,0.9079861044883728,0.9156901240348816,0.9200303554534912,0.9197048544883728,0.9175347089767456,0.9149305820465088,,,,,,,,
KMNIST_CIFAR,CIFAR,4,0.4237196147441864,0.5065104365348816,0.5483940839767456,0.5703125,0.5808376669883728,0.5930989384651184,0.6023220419883728,,,,,,,,
